{"cameraMode":{"drawMode":0,"name":"Shaded","section":"Shading Mode"},"sceneLighting":true,"audioPlay":false,"sceneViewState":{"m_AlwaysRefresh":false,"showFog":true,"showSkybox":true,"showFlares":true,"showImageEffects":true,"showParticleSystems":true,"showVisualEffectGraphs":true,"m_FxEnabled":true},"in2DMode":false,"pivot":{"x":151.02330017089845,"y":45.19774627685547,"z":-66.34184265136719},"rotation":{"x":0.050955865532159808,"y":-0.7834928035736084,"z":-0.06475947052240372,"w":-0.6160148978233337},"size":2.1165664196014406,"orthographic":false}