{"cameraMode":{"drawMode":0,"name":"Shaded","section":"Shading Mode"},"sceneLighting":true,"audioPlay":false,"sceneViewState":{"m_AlwaysRefresh":false,"showFog":true,"showSkybox":true,"showFlares":true,"showImageEffects":true,"showParticleSystems":true,"showVisualEffectGraphs":true,"m_FxEnabled":true},"in2DMode":false,"pivot":{"x":16.971233367919923,"y":77.34351348876953,"z":-0.5124228000640869},"rotation":{"x":-0.5297306180000305,"y":-0.46797043085098269,"z":0.4661688208580017,"w":-0.5320876836776733},"size":0.24447497725486756,"orthographic":false}